{"accuracy": [0.7789754867553711, 0.8641975522041321, 0.8821632862091064, 0.8899023532867432, 0.8973650336265564, 0.9138566255569458, 0.921319305896759, 0.9250967502593994, 0.9314538240432739, 0.9367053508758545, 0.9382715821266174, 0.9459185600280762, 0.9465634822845459, 0.9526441693305969, 0.9549474716186523, 0.9553160071372986, 0.9589091539382935, 0.9609360694885254, 0.9650819897651672, 0.9637921452522278, 0.9671089053153992, 0.9693200588226318, 0.9670167565345764, 0.9719918966293335, 0.9725446701049805, 0.972821056842804, 0.973281741142273, 0.9768748879432678, 0.9785332679748535, 0.9789018034934998, 0.9789938926696777, 0.9797309637069702, 0.9823106527328491, 0.9814814925193787, 0.9837847948074341, 0.9837847948074341, 0.9835084080696106, 0.985811710357666, 0.9854431748390198, 0.98479825258255, 0.98691725730896], "val_accuracy": [0.9030590057373047, 0.9224472045898438, 0.928909957408905, 0.9190004467964172, 0.9336493015289307, 0.9422662854194641, 0.9452822208404541, 0.9444205164909363, 0.9495906829833984, 0.9517449140548706, 0.9487289786338806, 0.9513140916824341, 0.9491598606109619, 0.9551917314529419, 0.9577768445014954, 0.9564842581748962, 0.9564842581748962, 0.9551917314529419, 0.9569151401519775, 0.9586384892463684, 0.9569151401519775, 0.9595001935958862, 0.9607927799224854, 0.960361897945404, 0.9590693712234497, 0.9573459625244141, 0.9590693712234497, 0.9595001935958862, 0.9612236022949219, 0.9599310755729675, 0.9629470109939575, 0.9616544842720032, 0.960361897945404, 0.9586384892463684, 0.9582076668739319, 0.960361897945404, 0.9612236022949219, 0.9625161290168762, 0.9595001935958862, 0.9625161290168762, 0.9616544842720032], "loss": [1.2980824708938599, 1.0220891237258911, 0.9556528925895691, 0.9343037009239197, 0.9174884557723999, 0.8707876801490784, 0.8497231006622314, 0.8265482187271118, 0.8110542297363281, 0.793938398361206, 0.7842358946800232, 0.7661110162734985, 0.7638933062553406, 0.7512362599372864, 0.7382631301879883, 0.7364752888679504, 0.7245441675186157, 0.7167935371398926, 0.709027111530304, 0.7104780077934265, 0.7000534534454346, 0.6926484107971191, 0.6945928335189819, 0.6801294088363647, 0.6805251240730286, 0.6754665374755859, 0.6742229461669922, 0.6696207523345947, 0.6639128923416138, 0.6612237691879272, 0.659394383430481, 0.6540927886962891, 0.6486402750015259, 0.648312509059906, 0.6407420635223389, 0.6415782570838928, 0.6413350105285645, 0.6373546719551086, 0.6341668963432312, 0.6342291235923767, 0.628754734992981], "val_loss": [0.880124032497406, 0.8113522529602051, 0.7947813868522644, 0.8019951581954956, 0.7685930728912354, 0.7574836015701294, 0.7518755197525024, 0.7391286492347717, 0.7358601093292236, 0.7252072691917419, 0.7323989272117615, 0.7193291783332825, 0.7177740931510925, 0.7139216661453247, 0.7075189352035522, 0.7065416574478149, 0.6957812309265137, 0.695126473903656, 0.6978238821029663, 0.693584680557251, 0.6947668194770813, 0.6932844519615173, 0.6975628137588501, 0.6950774192810059, 0.6832921504974365, 0.6860631108283997, 0.6812955141067505, 0.6787367463111877, 0.6820833683013916, 0.6767013669013977, 0.6748008728027344, 0.6736468076705933, 0.6751457452774048, 0.6718778610229492, 0.6724091172218323, 0.67882239818573, 0.664345383644104, 0.6671931743621826, 0.667487382888794, 0.6656815409660339, 0.6651052236557007]}