{"accuracy": [0.7855168581008911, 0.900589644908905, 0.9215957522392273, 0.9403906464576721, 0.9466556310653687, 0.9562373161315918, 0.9625023007392883, 0.9666482210159302, 0.9693200588226318, 0.9724525809288025, 0.978348970413208, 0.9812051057815552, 0.9833241105079651, 0.9845218062400818, 0.9856274127960205], "val_accuracy": [0.9129685759544373, 0.9375269412994385, 0.9388194680213928, 0.9435588121414185, 0.9564842581748962, 0.9534683227539062, 0.9577768445014954, 0.9521757960319519, 0.960361897945404, 0.9582076668739319, 0.9534683227539062, 0.9595001935958862, 0.960361897945404, 0.960361897945404, 0.960361897945404], "loss": [0.6907120943069458, 0.3177400231361389, 0.23699238896369934, 0.18296697735786438, 0.1601497083902359, 0.1337139904499054, 0.11579210311174393, 0.10308597981929779, 0.09151531010866165, 0.07819169014692307, 0.06494825333356857, 0.05638689547777176, 0.04656173288822174, 0.048585157841444016, 0.04099977761507034], "val_loss": [0.2999081313610077, 0.2270466536283493, 0.23031862080097198, 0.2192448377609253, 0.17340892553329468, 0.17881566286087036, 0.16872760653495789, 0.19117911159992218, 0.18574972450733185, 0.18825358152389526, 0.2009035348892212, 0.1761278659105301, 0.17731301486492157, 0.1695626974105835, 0.1804773062467575]}