{"accuracy": [0.7831214070320129, 0.8969964981079102, 0.9173576831817627, 0.9365211129188538, 0.9472084045410156, 0.9487746357917786, 0.9593698382377625, 0.9655426740646362, 0.9679380655288696, 0.9682145118713379, 0.9784411191940308, 0.9819421172142029, 0.9803758859634399, 0.9847061038017273, 0.9857195615768433], "val_accuracy": [0.9077983498573303, 0.9302024841308594, 0.9370960593223572, 0.9418354034423828, 0.9491598606109619, 0.9556225538253784, 0.9564842581748962, 0.9513140916824341, 0.9465747475624084, 0.9487289786338806, 0.9560534358024597, 0.9560534358024597, 0.9590693712234497, 0.9582076668739319, 0.9590693712234497], "loss": [0.7215370535850525, 0.3310571312904358, 0.24899093806743622, 0.19983665645122528, 0.15731793642044067, 0.14803765714168549, 0.11995883285999298, 0.10461515933275223, 0.09497182816267014, 0.09418760240077972, 0.06443153321743011, 0.05607425421476364, 0.05771159753203392, 0.04619050770998001, 0.04166553542017937], "val_loss": [0.3152632415294647, 0.25539132952690125, 0.23415406048297882, 0.21741726994514465, 0.2242962121963501, 0.19924898445606232, 0.18522410094738007, 0.1994163691997528, 0.23117074370384216, 0.25775814056396484, 0.212046280503273, 0.19412313401699066, 0.19083301723003387, 0.18988780677318573, 0.18625903129577637]}