{"accuracy": [0.7561267614364624, 0.8507462739944458, 0.866316556930542, 0.8794914484024048, 0.8852035999298096, 0.900589644908905, 0.9117376208305359, 0.92380690574646, 0.9247282147407532, 0.9314538240432739, 0.935968279838562, 0.942970335483551, 0.9428781867027283, 0.9479454755783081, 0.9527363181114197, 0.9522756338119507, 0.9540261626243591, 0.9603832960128784, 0.9598304629325867, 0.9628708362579346, 0.9623180627822876, 0.9690436720848083, 0.9706099033355713, 0.971254825592041, 0.9736502766609192, 0.9715312123298645, 0.9759535789489746, 0.9773355722427368, 0.977796196937561, 0.9780725836753845, 0.979362428188324, 0.9785332679748535, 0.9815736413002014, 0.9826791882514954, 0.9842454195022583, 0.9845218062400818, 0.9826791882514954], "val_accuracy": [0.8884101510047913, 0.900473952293396, 0.9099525809288025, 0.9233089089393616, 0.9198621511459351, 0.9314950704574585, 0.9358035326004028, 0.9401119947433472, 0.9418354034423828, 0.9513140916824341, 0.9491598606109619, 0.9556225538253784, 0.9551917314529419, 0.9551917314529419, 0.9573459625244141, 0.9590693712234497, 0.9577768445014954, 0.960361897945404, 0.9638087153434753, 0.9612236022949219, 0.9612236022949219, 0.966393768787384, 0.9625161290168762, 0.965532124042511, 0.9689788818359375, 0.9681171774864197, 0.9694097638130188, 0.9672554731369019, 0.9595001935958862, 0.9689788818359375, 0.963377833366394, 0.9659629464149475, 0.9672554731369019, 0.9672554731369019, 0.9694097638130188, 0.968548059463501, 0.9681171774864197], "loss": [1.3513799905776978, 1.0387991666793823, 0.9884770512580872, 0.95265793800354, 0.9353204965591431, 0.9011172652244568, 0.8594180941581726, 0.8367438316345215, 0.8244191408157349, 0.8052425384521484, 0.7912896871566772, 0.7765195369720459, 0.7692984938621521, 0.7572441697120667, 0.7451462745666504, 0.7425889372825623, 0.7352691292762756, 0.7198430299758911, 0.7184752225875854, 0.7098999619483948, 0.70719975233078, 0.6921244263648987, 0.6893342733383179, 0.6856469511985779, 0.6784586310386658, 0.6771726012229919, 0.6718287467956543, 0.6656736731529236, 0.6643691658973694, 0.6598039865493774, 0.6544700860977173, 0.6546997427940369, 0.6469685435295105, 0.6437624096870422, 0.6406289339065552, 0.6408820748329163, 0.6395540237426758], "val_loss": [0.9216956496238708, 0.8645257353782654, 0.8135625720024109, 0.8003396987915039, 0.7958278059959412, 0.7878363132476807, 0.7732470035552979, 0.7647979855537415, 0.7569947242736816, 0.7467522025108337, 0.737988293170929, 0.7259858846664429, 0.7144941091537476, 0.71968013048172, 0.7148185968399048, 0.714765191078186, 0.7095028162002563, 0.703405499458313, 0.6935716271400452, 0.6911328434944153, 0.6932401657104492, 0.6793779730796814, 0.6912582516670227, 0.6743935346603394, 0.6700140833854675, 0.6730443835258484, 0.6660175919532776, 0.6629964113235474, 0.6813695430755615, 0.6634334921836853, 0.6693698167800903, 0.6656650304794312, 0.6599920392036438, 0.6588302254676819, 0.6574122309684753, 0.6554248332977295, 0.6593189835548401]}